{"as-abs-err":[0.015886246339514867,0.014720813176960217],"as-rel-err":[0.10701689609009966,0.055883329788005275],"ass":[[0.12175980975029727,0.14336,0.15063064815897184,0.17803414694938488],[0.23397884684987694,0.2635033714315291,0.2663703296749033,0.28982934485888023]],"avg-as":[0.1484461512146635,0.2634204732037974],"avg-tss":[[3.625,3.125,2.8225,2.37],[2.615,2.305,2.1225,1.8575000000000002]],"delta-xs":[0.8,0.7,0.6,0.5],"vss":[[0.4413793103448276,0.44799999999999995,0.42515500442869797,0.4219409282700422],[0.6118546845124282,0.6073752711496746,0.5653710247349824,0.53835800807537]]}