{"C_x":7.522875816993651,"a":0.0014299065420560813,"b":1.3332429906542054}