{"Ts":[1.16625,1.3275000000000001,1.4655,1.57925,1.6157500000000002,1.8212499999999998],"abs-err-g":0.45753336461904554,"avg-g":9.410655166889478,"avg-ts":[11.6625,13.275,14.655000000000001,15.7925,16.157500000000002,18.2125],"gs":[8.707584105068102,8.960880145406191,9.190901156337006,9.497498113603994,10.585452983879629,9.52161449704195],"ls":[0.3,0.4,0.5,0.6,0.7,0.8],"rel-err-g":0.04861865157155417}