{"f-table":[[50,0.5,[53.924312804174164,71.31967373828638,79.10378481454619,91.41892009014038]],[100,1.0,[37.92981324361403,55.890693547663716,68.30106530242757,69.32380193992573]],[150,1.5,[31.37185487906394,45.07741989986646,53.40186621234577,0]],[200,2.0,[30.343850594891222,39.704888934278614,49.58744719717822,0]]],"l_n-table":[[50,0.5,[16.599999999999998,35.5,58.800000000000004,78.33333333333333]],[100,1.0,[23.599999999999998,45.300000000000004,68.1,103.30000000000001]],[150,1.5,[28.533333333333335,56.166666666666664,87.10000000000001,0.0]],[200,2.0,[29.5,63.76666666666667,93.8,0.0]]],"rho":1.56,"table":[[50,0.5,17.90287185098582,[16.599999999999998,35.5,58.800000000000004,78.33333333333333],[3.0120481927710845,2.816901408450704,2.551020408163265,2.5531914893617023],[53.924312804174164,71.31967373828638,79.10378481454619,91.41892009014038]],[100,1.0,25.318484177091666,[23.599999999999998,45.300000000000004,68.1,103.30000000000001],[2.1186440677966103,2.2075055187637966,2.2026431718061676,1.9361084220716358],[37.92981324361403,55.890693547663716,68.30106530242757,69.32380193992573]],[150,1.5,31.008683647302114,[28.533333333333335,56.166666666666664,87.10000000000001,0.0],[1.7523364485981308,1.7804154302670623,1.7221584385763489,0],[31.37185487906394,45.07741989986646,53.40186621234577,0]],[200,2.0,35.80574370197164,[29.5,63.76666666666667,93.8,0.0],[1.694915254237288,1.5682174594877154,1.5991471215351813,0],[30.343850594891222,39.704888934278614,49.58744719717822,0]]]}