{"E_k-ratio":[0.2857142857142857,0.2857142857142857,0.2857142857142857],"E_k1s":[0.028040330333293194,0.06440024865485819,0.12913558916868098],"E_k2s":[0.008011522952369484,0.018400071044245195,0.036895882619623135],"avg-alphas":[19.666666666666668,30.0,43.0],"mass-ratio":0.2857142857142857,"us":[0.5349073001254344,0.8106450483641582,1.1479155428680148],"vs":[1.8721755504390205,2.8372576692745537,4.017704400038052]}