{"E_krrs":[3.2703821111111115,2.7670125859375005,2.264095438271605,1.7613441487290429],"E_ks":[3.2775210000000006,2.7732870000000007,2.269053,1.7648190000000001],"E_kts":[0.007138888888888891,0.0062744140625,0.004957561728395062,0.003474851270957275],"I_zs":[0.00147167195,0.0014167104440000002,0.0014671338440000001,0.0016283626655],"avg-I_z":0.001495969725875,"avg-a":0.021077763560513163,"avg-t":6.188333333333333,"avg-ts":[7.346666666666667,6.553333333333334,5.813333333333333,5.04],"avg-v":0.14452115633074936,"hs":[0.65,0.55,0.45,0.35],"mghs":[3.277521,2.7732870000000003,2.269053,1.764819],"reg-a":0.021973662218071146,"reg-v0":0.008540809971252422,"vs":[0.16666666666666669,0.15625,0.1388888888888889,0.11627906976744187]}